<MapIdentifier>
	<LevelInformation>
		<Time>
			<Minutes>1</Minutes>
		</Time>
		<Colours>
			<Floor>
				<R>137</R>
				<G>67</G>
				<B>21</B>
			</Floor>
			<Walls>
				<R>0</R>
				<G>0</G>
				<B>0</B>
			</Walls>
		</Colours>
	</LevelInformation>
	<PlayerInformation>
		<PlayerStart>
			<X>10</X>
			<Y>16</Y>
		</PlayerStart>
	</PlayerInformation>
	<TreasureInformation>
		<Treasure>
			<X>10</X>
			<Y>15</Y>
		</Treasure>
		<Treasure>
			<X>9</X>
			<Y>14</Y>
		</Treasure>
		<Treasure>
			<X>11</X>
			<Y>14</Y>
		</Treasure>
		<Treasure>
			<X>11</X>
			<Y>16</Y>
		</Treasure>
		<Treasure>
			<X>9</X>
			<Y>16</Y>
		</Treasure>
		<Treasure>
			<X>0</X>
			<Y>1</Y>
		</Treasure>
		<Treasure>
			<X>1</X>
			<Y>1</Y>
		</Treasure>
		<Treasure>
			<X>2</X>
			<Y>1</Y>
		</Treasure>
		<Treasure>
			<X>2</X>
			<Y>2</Y>
		</Treasure>
		<Treasure>
			<X>1</X>
			<Y>2</Y>
		</Treasure>
		<Treasure>
			<X>0</X>
			<Y>2</Y>
		</Treasure>
		<Treasure>
			<X>0</X>
			<Y>3</Y>
		</Treasure>
		<Treasure>
			<X>1</X>
			<Y>3</Y>
		</Treasure>
		<Treasure>
			<X>2</X>
			<Y>3</Y>
		</Treasure>
		<Treasure>
			<X>2</X>
			<Y>4</Y>
		</Treasure>
		<Treasure>
			<X>1</X>
			<Y>4</Y>
		</Treasure>
		<Treasure>
			<X>0</X>
			<Y>4</Y>
		</Treasure>
		<Treasure>
			<X>18</X>
			<Y>1</Y>
		</Treasure>
		<Treasure>
			<X>19</X>
			<Y>1</Y>
		</Treasure>
		<Treasure>
			<X>20</X>
			<Y>1</Y>
		</Treasure>
		<Treasure>
			<X>20</X>
			<Y>2</Y>
		</Treasure>
		<Treasure>
			<X>20</X>
			<Y>3</Y>
		</Treasure>
		<Treasure>
			<X>20</X>
			<Y>4</Y>
		</Treasure>
		<Treasure>
			<X>19</X>
			<Y>4</Y>
		</Treasure>
		<Treasure>
			<X>19</X>
			<Y>3</Y>
		</Treasure>
		<Treasure>
			<X>19</X>
			<Y>2</Y>
		</Treasure>
		<Treasure>
			<X>18</X>
			<Y>2</Y>
		</Treasure>
		<Treasure>
			<X>18</X>
			<Y>3</Y>
		</Treasure>
		<Treasure>
			<X>18</X>
			<Y>4</Y>
		</Treasure>
		<Treasure>
			<X>18</X>
			<Y>12</Y>
		</Treasure>
		<Treasure>
			<X>19</X>
			<Y>12</Y>
		</Treasure>
		<Treasure>
			<X>20</X>
			<Y>12</Y>
		</Treasure>
		<Treasure>
			<X>20</X>
			<Y>13</Y>
		</Treasure>
		<Treasure>
			<X>20</X>
			<Y>14</Y>
		</Treasure>
		<Treasure>
			<X>20</X>
			<Y>15</Y>
		</Treasure>
		<Treasure>
			<X>19</X>
			<Y>15</Y>
		</Treasure>
		<Treasure>
			<X>19</X>
			<Y>14</Y>
		</Treasure>
		<Treasure>
			<X>19</X>
			<Y>13</Y>
		</Treasure>
		<Treasure>
			<X>18</X>
			<Y>13</Y>
		</Treasure>
		<Treasure>
			<X>18</X>
			<Y>14</Y>
		</Treasure>
		<Treasure>
			<X>18</X>
			<Y>15</Y>
		</Treasure>
	</TreasureInformation>
	<EntryInformation>
		<GuardEntry>
			<X>2</X>
			<Y>17</Y>
		</GuardEntry>
	</EntryInformation>
	<GuardInformation>
		<Guard>
			<State>Patrol</State>
			<Direction>Clockwise</Direction>
			<Position>
				<X>1</X>
				<Y>2</Y>
			</Position>
		</Guard>
		<Guard>
			<State>Patrol</State>
			<Direction>Clockwise</Direction>
			<Position>
				<X>19</X>
				<Y>2</Y>
			</Position>
		</Guard>
		<Guard>
			<State>Patrol</State>
			<Direction>Clockwise</Direction>
			<Position>
				<X>19</X>
				<Y>16</Y>
			</Position>
		</Guard>
		<Guard>
			<State>Patrol</State>
			<Direction>Clockwise</Direction>
			<Position>
				<X>1</X>
				<Y>14</Y>
			</Position>
		</Guard>
		<Guard>
			<State>Patrol</State>
			<Direction>CounterClockwise</Direction>
			<Position>
				<X>10</X>
				<Y>4</Y>
			</Position>
		</Guard>
	</GuardInformation>
	<WaypointInformation>
		<WayPoint>
			<X>1</X>
			<Y>2</Y>
		</WayPoint>
		<WayPoint>
			<X>19</X>
			<Y>2</Y>
		</WayPoint>
		<WayPoint>
			<X>19</X>
			<Y>16</Y>
		</WayPoint>
		<WayPoint>
			<X>10</X>
			<Y>15</Y>
		</WayPoint>
		<WayPoint>
			<X>10</X>
			<Y>1</Y>
		</WayPoint>
		<WayPoint>
			<X>10</X>
			<Y>14</Y>
		</WayPoint>
		<WayPoint>
			<X>1</X>
			<Y>14</Y>
		</WayPoint>
		<WayPoint>
			<X>1</X>
			<Y>8</Y>
		</WayPoint>
	</WaypointInformation>
	<DumpsterInformation>

	</DumpsterInformation>
</MapIdentifier>