<MapIdentifier>
	<LevelInformation>
		<Time>
			<Minutes>1</Minutes>
		</Time>
		<Colours>
			<Floor>
				<R>162</R>
				<G>162</G>
				<B>162</B>
			</Floor>
			<Walls>
				<R>251</R>
				<G>249</G>
				<B>67</B>
			</Walls>
		</Colours>
	</LevelInformation>
	<PlayerInformation>
		<PlayerStart>
			<X>2</X>
			<Y>2</Y>
		</PlayerStart>
	</PlayerInformation>
	<TreasureInformation>
		<Treasure>
			<X>8</X>
			<Y>0</Y>
		</Treasure>
		<Treasure>
			<X>8</X>
			<Y>1</Y>
		</Treasure>
		<Treasure>
			<X>8</X>
			<Y>2</Y>
		</Treasure>
		<Treasure>
			<X>9</X>
			<Y>2</Y>
		</Treasure>
		<Treasure>
			<X>9</X>
			<Y>1</Y>
		</Treasure>
		<Treasure>
			<X>9</X>
			<Y>0</Y>
		</Treasure>
		<Treasure>
			<X>10</X>
			<Y>0</Y>
		</Treasure>
		<Treasure>
			<X>10</X>
			<Y>1</Y>
		</Treasure>
		<Treasure>
			<X>10</X>
			<Y>2</Y>
		</Treasure>
		<Treasure>
			<X>11</X>
			<Y>2</Y>
		</Treasure>
		<Treasure>
			<X>11</X>
			<Y>1</Y>
		</Treasure>
		<Treasure>
			<X>11</X>
			<Y>0</Y>
		</Treasure>
		<Treasure>
			<X>12</X>
			<Y>0</Y>
		</Treasure>
		<Treasure>
			<X>12</X>
			<Y>1</Y>
		</Treasure>
		<Treasure>
			<X>12</X>
			<Y>2</Y>
		</Treasure>
		<Treasure>
			<X>13</X>
			<Y>2</Y>
		</Treasure>
		<Treasure>
			<X>13</X>
			<Y>1</Y>
		</Treasure>
		<Treasure>
			<X>13</X>
			<Y>0</Y>
		</Treasure>
	</TreasureInformation>
	<EntryInformation>
		<GuardEntry>
			<X>18</X>
			<Y>17</Y>
		</GuardEntry>
	</EntryInformation>
	<GuardInformation>
		<Guard>
			<State>Patrol</State>
			<Direction>Clockwise</Direction>
			<Position>
				<X>17</X>
				<Y>15</Y>
			</Position>
		</Guard>
		<Guard>
			<State>Patrol</State>
			<Direction>CounterClockwise</Direction>
			<Position>
				<X>19</X>
				<Y>15</Y>
			</Position>
		</Guard>
	</GuardInformation>
	<WaypointInformation>
		<WayPoint>
			<X>19</X>
			<Y>15</Y>
		</WayPoint>
		<WayPoint>
			<X>3</X>
			<Y>15</Y>
		</WayPoint>
		<WayPoint>
			<X>3</X>
			<Y>12</Y>
		</WayPoint>
		<WayPoint>
			<X>6</X>
			<Y>14</Y>
		</WayPoint>
		<WayPoint>
			<X>4</X>
			<Y>1</Y>
		</WayPoint>
		<WayPoint>
			<X>6</X>
			<Y>1</Y>
		</WayPoint>
		<WayPoint>
			<X>7</X>
			<Y>4</Y>
		</WayPoint>
		<WayPoint>
			<X>13</X>
			<Y>3</Y>
		</WayPoint>
		<WayPoint>
			<X>19</X>
			<Y>6</Y>
		</WayPoint>
	</WaypointInformation>
	<DumpsterInformation>
	
	</DumpsterInformation>
</MapIdentifier>