﻿<?xml version="1.0" encoding="utf-8"?>
<Map>
  <Size>
    <Height>18</Height>
    <Width>21</Width>
  </Size>
  <Layer>
    <Tile>
      <Index>0</Index>
      <FileName>BasicTopLeft.png</FileName>
      <Value>0</Value>
    </Tile>
    <Tile>
      <Index>1</Index>
      <FileName>BasicTile.png</FileName>
      <Value>0</Value>
    </Tile>
    <Tile>
      <Index>2</Index>
      <FileName>BasicTile.png</FileName>
      <Value>0</Value>
    </Tile>
    <Tile>
      <Index>3</Index>
      <FileName>BasicTopRight.png</FileName>
      <Value>0</Value>
    </Tile>
    <Tile>
      <Index>4</Index>
      <FileName>BasicDoubleTop.png</FileName>
      <Value>0</Value>
    </Tile>
    <Tile>
      <Index>5</Index>
      <FileName>BasicTopLeft.png</FileName>
      <Value>0</Value>
    </Tile>
    <Tile>
      <Index>6</Index>
      <FileName>BasicTile.png</FileName>
      <Value>0</Value>
    </Tile>
    <Tile>
      <Index>7</Index>
      <FileName>BasicTile.png</FileName>
      <Value>0</Value>
    </Tile>
    <Tile>
      <Index>8</Index>
      <FileName>BasicTile.png</FileName>
      <Value>0</Value>
    </Tile>
    <Tile>
      <Index>9</Index>
      <FileName>BasicTile.png</FileName>
      <Value>0</Value>
    </Tile>
    <Tile>
      <Index>10</Index>
      <FileName>BasicTile.png</FileName>
      <Value>0</Value>
    </Tile>
    <Tile>
      <Index>11</Index>
      <FileName>BasicTile.png</FileName>
      <Value>0</Value>
    </Tile>
    <Tile>
      <Index>12</Index>
      <FileName>BasicTile.png</FileName>
      <Value>0</Value>
    </Tile>
    <Tile>
      <Index>13</Index>
      <FileName>BasicTile.png</FileName>
      <Value>0</Value>
    </Tile>
    <Tile>
      <Index>14</Index>
      <FileName>BasicTopRight.png</FileName>
      <Value>0</Value>
    </Tile>
    <Tile>
      <Index>15</Index>
      <FileName>BasicTopLeft.png</FileName>
      <Value>0</Value>
    </Tile>
    <Tile>
      <Index>16</Index>
      <FileName>BasicTile.png</FileName>
      <Value>0</Value>
    </Tile>
    <Tile>
      <Index>17</Index>
      <FileName>BasicTopRight.png</FileName>
      <Value>0</Value>
    </Tile>
    <Tile>
      <Index>18</Index>
      <FileName>BasicTopLeft.png</FileName>
      <Value>0</Value>
    </Tile>
    <Tile>
      <Index>19</Index>
      <FileName>BasicTile.png</FileName>
      <Value>0</Value>
    </Tile>
    <Tile>
      <Index>20</Index>
      <FileName>BasicTopRight.png</FileName>
      <Value>0</Value>
    </Tile>
    <Tile>
      <Index>21</Index>
      <FileName>BasicTile.png</FileName>
      <Value>0</Value>
    </Tile>
    <Tile>
      <Index>22</Index>
      <FileName>BasicTile.png</FileName>
      <Value>0</Value>
    </Tile>
    <Tile>
      <Index>23</Index>
      <FileName>BasicTile.png</FileName>
      <Value>0</Value>
    </Tile>
    <Tile>
      <Index>24</Index>
      <FileName>BasicTile.png</FileName>
      <Value>0</Value>
    </Tile>
    <Tile>
      <Index>25</Index>
      <FileName>BasicTile.png</FileName>
      <Value>0</Value>
    </Tile>
    <Tile>
      <Index>26</Index>
      <FileName>BasicTile.png</FileName>
      <Value>0</Value>
    </Tile>
    <Tile>
      <Index>27</Index>
      <FileName>BasicTile.png</FileName>
      <Value>0</Value>
    </Tile>
    <Tile>
      <Index>28</Index>
      <FileName>BasicTile.png</FileName>
      <Value>0</Value>
    </Tile>
    <Tile>
      <Index>29</Index>
      <FileName>BasicTile.png</FileName>
      <Value>0</Value>
    </Tile>
    <Tile>
      <Index>30</Index>
      <FileName>BasicTile.png</FileName>
      <Value>0</Value>
    </Tile>
    <Tile>
      <Index>31</Index>
      <FileName>BasicTile.png</FileName>
      <Value>0</Value>
    </Tile>
    <Tile>
      <Index>32</Index>
      <FileName>BasicTile.png</FileName>
      <Value>0</Value>
    </Tile>
    <Tile>
      <Index>33</Index>
      <FileName>BasicTile.png</FileName>
      <Value>0</Value>
    </Tile>
    <Tile>
      <Index>34</Index>
      <FileName>BasicTile.png</FileName>
      <Value>0</Value>
    </Tile>
    <Tile>
      <Index>35</Index>
      <FileName>BasicTile.png</FileName>
      <Value>0</Value>
    </Tile>
    <Tile>
      <Index>36</Index>
      <FileName>BasicTile.png</FileName>
      <Value>0</Value>
    </Tile>
    <Tile>
      <Index>37</Index>
      <FileName>BasicTile.png</FileName>
      <Value>0</Value>
    </Tile>
    <Tile>
      <Index>38</Index>
      <FileName>BasicTile.png</FileName>
      <Value>0</Value>
    </Tile>
    <Tile>
      <Index>39</Index>
      <FileName>BasicTile.png</FileName>
      <Value>0</Value>
    </Tile>
    <Tile>
      <Index>40</Index>
      <FileName>BasicTile.png</FileName>
      <Value>0</Value>
    </Tile>
    <Tile>
      <Index>41</Index>
      <FileName>BasicTile.png</FileName>
      <Value>0</Value>
    </Tile>
    <Tile>
      <Index>42</Index>
      <FileName>BasicTile.png</FileName>
      <Value>0</Value>
    </Tile>
    <Tile>
      <Index>43</Index>
      <FileName>BasicTile.png</FileName>
      <Value>0</Value>
    </Tile>
    <Tile>
      <Index>44</Index>
      <FileName>BasicTile.png</FileName>
      <Value>0</Value>
    </Tile>
    <Tile>
      <Index>45</Index>
      <FileName>BasicTile.png</FileName>
      <Value>0</Value>
    </Tile>
    <Tile>
      <Index>46</Index>
      <FileName>BasicTile.png</FileName>
      <Value>0</Value>
    </Tile>
    <Tile>
      <Index>47</Index>
      <FileName>BasicTile.png</FileName>
      <Value>0</Value>
    </Tile>
    <Tile>
      <Index>48</Index>
      <FileName>BasicTile.png</FileName>
      <Value>0</Value>
    </Tile>
    <Tile>
      <Index>49</Index>
      <FileName>BasicTile.png</FileName>
      <Value>0</Value>
    </Tile>
    <Tile>
      <Index>50</Index>
      <FileName>BasicTile.png</FileName>
      <Value>0</Value>
    </Tile>
    <Tile>
      <Index>51</Index>
      <FileName>BasicTile.png</FileName>
      <Value>0</Value>
    </Tile>
    <Tile>
      <Index>52</Index>
      <FileName>BasicTile.png</FileName>
      <Value>0</Value>
    </Tile>
    <Tile>
      <Index>53</Index>
      <FileName>BasicTile.png</FileName>
      <Value>0</Value>
    </Tile>
    <Tile>
      <Index>54</Index>
      <FileName>BasicTile.png</FileName>
      <Value>0</Value>
    </Tile>
    <Tile>
      <Index>55</Index>
      <FileName>BasicTile.png</FileName>
      <Value>0</Value>
    </Tile>
    <Tile>
      <Index>56</Index>
      <FileName>BasicTile.png</FileName>
      <Value>0</Value>
    </Tile>
    <Tile>
      <Index>57</Index>
      <FileName>BasicBotLeft.png</FileName>
      <Value>0</Value>
    </Tile>
    <Tile>
      <Index>58</Index>
      <FileName>BasicTile.png</FileName>
      <Value>0</Value>
    </Tile>
    <Tile>
      <Index>59</Index>
      <FileName>BasicBotRight.png</FileName>
      <Value>0</Value>
    </Tile>
    <Tile>
      <Index>60</Index>
      <FileName>BasicTile.png</FileName>
      <Value>0</Value>
    </Tile>
    <Tile>
      <Index>61</Index>
      <FileName>BasicTile.png</FileName>
      <Value>0</Value>
    </Tile>
    <Tile>
      <Index>62</Index>
      <FileName>BasicTile.png</FileName>
      <Value>0</Value>
    </Tile>
    <Tile>
      <Index>63</Index>
      <FileName>BasicTile.png</FileName>
      <Value>0</Value>
    </Tile>
    <Tile>
      <Index>64</Index>
      <FileName>BasicTile.png</FileName>
      <Value>0</Value>
    </Tile>
    <Tile>
      <Index>65</Index>
      <FileName>BasicTile.png</FileName>
      <Value>0</Value>
    </Tile>
    <Tile>
      <Index>66</Index>
      <FileName>BasicTile.png</FileName>
      <Value>0</Value>
    </Tile>
    <Tile>
      <Index>67</Index>
      <FileName>BasicTile.png</FileName>
      <Value>0</Value>
    </Tile>
    <Tile>
      <Index>68</Index>
      <FileName>BasicTile.png</FileName>
      <Value>0</Value>
    </Tile>
    <Tile>
      <Index>69</Index>
      <FileName>BasicTile.png</FileName>
      <Value>0</Value>
    </Tile>
    <Tile>
      <Index>70</Index>
      <FileName>BasicTile.png</FileName>
      <Value>0</Value>
    </Tile>
    <Tile>
      <Index>71</Index>
      <FileName>BasicTile.png</FileName>
      <Value>0</Value>
    </Tile>
    <Tile>
      <Index>72</Index>
      <FileName>BasicTile.png</FileName>
      <Value>0</Value>
    </Tile>
    <Tile>
      <Index>73</Index>
      <FileName>BasicTile.png</FileName>
      <Value>0</Value>
    </Tile>
    <Tile>
      <Index>74</Index>
      <FileName>BasicTile.png</FileName>
      <Value>0</Value>
    </Tile>
    <Tile>
      <Index>75</Index>
      <FileName>BasicTile.png</FileName>
      <Value>0</Value>
    </Tile>
    <Tile>
      <Index>76</Index>
      <FileName>BasicTile.png</FileName>
      <Value>0</Value>
    </Tile>
    <Tile>
      <Index>77</Index>
      <FileName>BasicTile.png</FileName>
      <Value>0</Value>
    </Tile>
    <Tile>
      <Index>78</Index>
      <FileName>BasicTile.png</FileName>
      <Value>0</Value>
    </Tile>
    <Tile>
      <Index>79</Index>
      <FileName>BasicTile.png</FileName>
      <Value>0</Value>
    </Tile>
    <Tile>
      <Index>80</Index>
      <FileName>BasicTile.png</FileName>
      <Value>0</Value>
    </Tile>
    <Tile>
      <Index>81</Index>
      <FileName>BasicTile.png</FileName>
      <Value>0</Value>
    </Tile>
    <Tile>
      <Index>82</Index>
      <FileName>BasicTile.png</FileName>
      <Value>0</Value>
    </Tile>
    <Tile>
      <Index>83</Index>
      <FileName>BasicTile.png</FileName>
      <Value>0</Value>
    </Tile>
    <Tile>
      <Index>84</Index>
      <FileName>BasicTile.png</FileName>
      <Value>0</Value>
    </Tile>
    <Tile>
      <Index>85</Index>
      <FileName>BasicTile.png</FileName>
      <Value>0</Value>
    </Tile>
    <Tile>
      <Index>86</Index>
      <FileName>BasicTile.png</FileName>
      <Value>0</Value>
    </Tile>
    <Tile>
      <Index>87</Index>
      <FileName>BasicTile.png</FileName>
      <Value>0</Value>
    </Tile>
    <Tile>
      <Index>88</Index>
      <FileName>BasicTile.png</FileName>
      <Value>0</Value>
    </Tile>
    <Tile>
      <Index>89</Index>
      <FileName>BasicTile.png</FileName>
      <Value>0</Value>
    </Tile>
    <Tile>
      <Index>90</Index>
      <FileName>BasicTile.png</FileName>
      <Value>0</Value>
    </Tile>
    <Tile>
      <Index>91</Index>
      <FileName>BasicTile.png</FileName>
      <Value>0</Value>
    </Tile>
    <Tile>
      <Index>92</Index>
      <FileName>BasicTile.png</FileName>
      <Value>0</Value>
    </Tile>
    <Tile>
      <Index>93</Index>
      <FileName>BasicTile.png</FileName>
      <Value>0</Value>
    </Tile>
    <Tile>
      <Index>94</Index>
      <FileName>BasicTile.png</FileName>
      <Value>0</Value>
    </Tile>
    <Tile>
      <Index>95</Index>
      <FileName>BasicTile.png</FileName>
      <Value>0</Value>
    </Tile>
    <Tile>
      <Index>96</Index>
      <FileName>BasicTile.png</FileName>
      <Value>0</Value>
    </Tile>
    <Tile>
      <Index>97</Index>
      <FileName>BasicTile.png</FileName>
      <Value>0</Value>
    </Tile>
    <Tile>
      <Index>98</Index>
      <FileName>BasicTile.png</FileName>
      <Value>0</Value>
    </Tile>
    <Tile>
      <Index>99</Index>
      <FileName>BasicTile.png</FileName>
      <Value>0</Value>
    </Tile>
    <Tile>
      <Index>100</Index>
      <FileName>BasicTile.png</FileName>
      <Value>0</Value>
    </Tile>
    <Tile>
      <Index>101</Index>
      <FileName>BasicTile.png</FileName>
      <Value>0</Value>
    </Tile>
    <Tile>
      <Index>102</Index>
      <FileName>BasicTile.png</FileName>
      <Value>0</Value>
    </Tile>
    <Tile>
      <Index>103</Index>
      <FileName>BasicTile.png</FileName>
      <Value>0</Value>
    </Tile>
    <Tile>
      <Index>104</Index>
      <FileName>BasicTile.png</FileName>
      <Value>0</Value>
    </Tile>
    <Tile>
      <Index>105</Index>
      <FileName>BasicTile.png</FileName>
      <Value>0</Value>
    </Tile>
    <Tile>
      <Index>106</Index>
      <FileName>BasicTile.png</FileName>
      <Value>0</Value>
    </Tile>
    <Tile>
      <Index>107</Index>
      <FileName>BasicTile.png</FileName>
      <Value>0</Value>
    </Tile>
    <Tile>
      <Index>108</Index>
      <FileName>BasicTile.png</FileName>
      <Value>0</Value>
    </Tile>
    <Tile>
      <Index>109</Index>
      <FileName>BasicTile.png</FileName>
      <Value>0</Value>
    </Tile>
    <Tile>
      <Index>110</Index>
      <FileName>BasicTile.png</FileName>
      <Value>0</Value>
    </Tile>
    <Tile>
      <Index>111</Index>
      <FileName>BasicTile.png</FileName>
      <Value>0</Value>
    </Tile>
    <Tile>
      <Index>112</Index>
      <FileName>BasicTile.png</FileName>
      <Value>0</Value>
    </Tile>
    <Tile>
      <Index>113</Index>
      <FileName>BasicTile.png</FileName>
      <Value>0</Value>
    </Tile>
    <Tile>
      <Index>114</Index>
      <FileName>BasicTile.png</FileName>
      <Value>0</Value>
    </Tile>
    <Tile>
      <Index>115</Index>
      <FileName>BasicTile.png</FileName>
      <Value>0</Value>
    </Tile>
    <Tile>
      <Index>116</Index>
      <FileName>BasicTile.png</FileName>
      <Value>0</Value>
    </Tile>
    <Tile>
      <Index>117</Index>
      <FileName>BasicTile.png</FileName>
      <Value>0</Value>
    </Tile>
    <Tile>
      <Index>118</Index>
      <FileName>BasicTile.png</FileName>
      <Value>0</Value>
    </Tile>
    <Tile>
      <Index>119</Index>
      <FileName>BasicTile.png</FileName>
      <Value>0</Value>
    </Tile>
    <Tile>
      <Index>120</Index>
      <FileName>BasicTile.png</FileName>
      <Value>0</Value>
    </Tile>
    <Tile>
      <Index>121</Index>
      <FileName>BasicTile.png</FileName>
      <Value>0</Value>
    </Tile>
    <Tile>
      <Index>122</Index>
      <FileName>BasicTile.png</FileName>
      <Value>0</Value>
    </Tile>
    <Tile>
      <Index>123</Index>
      <FileName>BasicTile.png</FileName>
      <Value>0</Value>
    </Tile>
    <Tile>
      <Index>124</Index>
      <FileName>BasicTile.png</FileName>
      <Value>0</Value>
    </Tile>
    <Tile>
      <Index>125</Index>
      <FileName>BasicTile.png</FileName>
      <Value>0</Value>
    </Tile>
    <Tile>
      <Index>126</Index>
      <FileName>BasicTile.png</FileName>
      <Value>0</Value>
    </Tile>
    <Tile>
      <Index>127</Index>
      <FileName>BasicTile.png</FileName>
      <Value>0</Value>
    </Tile>
    <Tile>
      <Index>128</Index>
      <FileName>BasicTile.png</FileName>
      <Value>0</Value>
    </Tile>
    <Tile>
      <Index>129</Index>
      <FileName>BasicTile.png</FileName>
      <Value>0</Value>
    </Tile>
    <Tile>
      <Index>130</Index>
      <FileName>BasicTile.png</FileName>
      <Value>0</Value>
    </Tile>
    <Tile>
      <Index>131</Index>
      <FileName>BasicTile.png</FileName>
      <Value>0</Value>
    </Tile>
    <Tile>
      <Index>132</Index>
      <FileName>BasicTile.png</FileName>
      <Value>0</Value>
    </Tile>
    <Tile>
      <Index>133</Index>
      <FileName>BasicTile.png</FileName>
      <Value>0</Value>
    </Tile>
    <Tile>
      <Index>134</Index>
      <FileName>BasicTile.png</FileName>
      <Value>0</Value>
    </Tile>
    <Tile>
      <Index>135</Index>
      <FileName>BasicTile.png</FileName>
      <Value>0</Value>
    </Tile>
    <Tile>
      <Index>136</Index>
      <FileName>BasicTile.png</FileName>
      <Value>0</Value>
    </Tile>
    <Tile>
      <Index>137</Index>
      <FileName>BasicTile.png</FileName>
      <Value>0</Value>
    </Tile>
    <Tile>
      <Index>138</Index>
      <FileName>BasicTile.png</FileName>
      <Value>0</Value>
    </Tile>
    <Tile>
      <Index>139</Index>
      <FileName>BasicTile.png</FileName>
      <Value>0</Value>
    </Tile>
    <Tile>
      <Index>140</Index>
      <FileName>BasicTile.png</FileName>
      <Value>0</Value>
    </Tile>
    <Tile>
      <Index>141</Index>
      <FileName>BasicTile.png</FileName>
      <Value>0</Value>
    </Tile>
    <Tile>
      <Index>142</Index>
      <FileName>BasicTile.png</FileName>
      <Value>0</Value>
    </Tile>
    <Tile>
      <Index>143</Index>
      <FileName>BasicTile.png</FileName>
      <Value>0</Value>
    </Tile>
    <Tile>
      <Index>144</Index>
      <FileName>BasicTile.png</FileName>
      <Value>0</Value>
    </Tile>
    <Tile>
      <Index>145</Index>
      <FileName>BasicTile.png</FileName>
      <Value>0</Value>
    </Tile>
    <Tile>
      <Index>146</Index>
      <FileName>BasicTile.png</FileName>
      <Value>0</Value>
    </Tile>
    <Tile>
      <Index>147</Index>
      <FileName>BasicTile.png</FileName>
      <Value>0</Value>
    </Tile>
    <Tile>
      <Index>148</Index>
      <FileName>BasicTile.png</FileName>
      <Value>0</Value>
    </Tile>
    <Tile>
      <Index>149</Index>
      <FileName>BasicTile.png</FileName>
      <Value>0</Value>
    </Tile>
    <Tile>
      <Index>150</Index>
      <FileName>BasicTile.png</FileName>
      <Value>0</Value>
    </Tile>
    <Tile>
      <Index>151</Index>
      <FileName>BasicTile.png</FileName>
      <Value>0</Value>
    </Tile>
    <Tile>
      <Index>152</Index>
      <FileName>BasicTile.png</FileName>
      <Value>0</Value>
    </Tile>
    <Tile>
      <Index>153</Index>
      <FileName>BasicTile.png</FileName>
      <Value>0</Value>
    </Tile>
    <Tile>
      <Index>154</Index>
      <FileName>BasicTile.png</FileName>
      <Value>0</Value>
    </Tile>
    <Tile>
      <Index>155</Index>
      <FileName>BasicTile.png</FileName>
      <Value>0</Value>
    </Tile>
    <Tile>
      <Index>156</Index>
      <FileName>BasicTile.png</FileName>
      <Value>0</Value>
    </Tile>
    <Tile>
      <Index>157</Index>
      <FileName>BasicTile.png</FileName>
      <Value>0</Value>
    </Tile>
    <Tile>
      <Index>158</Index>
      <FileName>BasicTile.png</FileName>
      <Value>0</Value>
    </Tile>
    <Tile>
      <Index>159</Index>
      <FileName>BasicTile.png</FileName>
      <Value>0</Value>
    </Tile>
    <Tile>
      <Index>160</Index>
      <FileName>BasicTile.png</FileName>
      <Value>0</Value>
    </Tile>
    <Tile>
      <Index>161</Index>
      <FileName>BasicTile.png</FileName>
      <Value>0</Value>
    </Tile>
    <Tile>
      <Index>162</Index>
      <FileName>BasicTile.png</FileName>
      <Value>0</Value>
    </Tile>
    <Tile>
      <Index>163</Index>
      <FileName>BasicTile.png</FileName>
      <Value>0</Value>
    </Tile>
    <Tile>
      <Index>164</Index>
      <FileName>BasicTile.png</FileName>
      <Value>0</Value>
    </Tile>
    <Tile>
      <Index>165</Index>
      <FileName>BasicTile.png</FileName>
      <Value>0</Value>
    </Tile>
    <Tile>
      <Index>166</Index>
      <FileName>BasicTile.png</FileName>
      <Value>0</Value>
    </Tile>
    <Tile>
      <Index>167</Index>
      <FileName>BasicTile.png</FileName>
      <Value>0</Value>
    </Tile>
    <Tile>
      <Index>168</Index>
      <FileName>BasicTile.png</FileName>
      <Value>0</Value>
    </Tile>
    <Tile>
      <Index>169</Index>
      <FileName>BasicTile.png</FileName>
      <Value>0</Value>
    </Tile>
    <Tile>
      <Index>170</Index>
      <FileName>BasicTile.png</FileName>
      <Value>0</Value>
    </Tile>
    <Tile>
      <Index>171</Index>
      <FileName>BasicTile.png</FileName>
      <Value>0</Value>
    </Tile>
    <Tile>
      <Index>172</Index>
      <FileName>BasicTile.png</FileName>
      <Value>0</Value>
    </Tile>
    <Tile>
      <Index>173</Index>
      <FileName>BasicTile.png</FileName>
      <Value>0</Value>
    </Tile>
    <Tile>
      <Index>174</Index>
      <FileName>BasicTile.png</FileName>
      <Value>0</Value>
    </Tile>
    <Tile>
      <Index>175</Index>
      <FileName>BasicTile.png</FileName>
      <Value>0</Value>
    </Tile>
    <Tile>
      <Index>176</Index>
      <FileName>BasicTile.png</FileName>
      <Value>0</Value>
    </Tile>
    <Tile>
      <Index>177</Index>
      <FileName>BasicTile.png</FileName>
      <Value>0</Value>
    </Tile>
    <Tile>
      <Index>178</Index>
      <FileName>BasicTile.png</FileName>
      <Value>0</Value>
    </Tile>
    <Tile>
      <Index>179</Index>
      <FileName>BasicTile.png</FileName>
      <Value>0</Value>
    </Tile>
    <Tile>
      <Index>180</Index>
      <FileName>BasicTile.png</FileName>
      <Value>0</Value>
    </Tile>
    <Tile>
      <Index>181</Index>
      <FileName>BasicTile.png</FileName>
      <Value>0</Value>
    </Tile>
    <Tile>
      <Index>182</Index>
      <FileName>BasicTile.png</FileName>
      <Value>0</Value>
    </Tile>
    <Tile>
      <Index>183</Index>
      <FileName>BasicTile.png</FileName>
      <Value>0</Value>
    </Tile>
    <Tile>
      <Index>184</Index>
      <FileName>BasicTile.png</FileName>
      <Value>0</Value>
    </Tile>
    <Tile>
      <Index>185</Index>
      <FileName>BasicTile.png</FileName>
      <Value>0</Value>
    </Tile>
    <Tile>
      <Index>186</Index>
      <FileName>BasicTile.png</FileName>
      <Value>0</Value>
    </Tile>
    <Tile>
      <Index>187</Index>
      <FileName>BasicTile.png</FileName>
      <Value>0</Value>
    </Tile>
    <Tile>
      <Index>188</Index>
      <FileName>BasicTile.png</FileName>
      <Value>0</Value>
    </Tile>
    <Tile>
      <Index>189</Index>
      <FileName>BasicTile.png</FileName>
      <Value>0</Value>
    </Tile>
    <Tile>
      <Index>190</Index>
      <FileName>BasicTile.png</FileName>
      <Value>0</Value>
    </Tile>
    <Tile>
      <Index>191</Index>
      <FileName>BasicTile.png</FileName>
      <Value>0</Value>
    </Tile>
    <Tile>
      <Index>192</Index>
      <FileName>BasicTile.png</FileName>
      <Value>0</Value>
    </Tile>
    <Tile>
      <Index>193</Index>
      <FileName>BasicTile.png</FileName>
      <Value>0</Value>
    </Tile>
    <Tile>
      <Index>194</Index>
      <FileName>BasicTile.png</FileName>
      <Value>0</Value>
    </Tile>
    <Tile>
      <Index>195</Index>
      <FileName>BasicTile.png</FileName>
      <Value>0</Value>
    </Tile>
    <Tile>
      <Index>196</Index>
      <FileName>BasicTile.png</FileName>
      <Value>0</Value>
    </Tile>
    <Tile>
      <Index>197</Index>
      <FileName>BasicTile.png</FileName>
      <Value>0</Value>
    </Tile>
    <Tile>
      <Index>198</Index>
      <FileName>BasicTile.png</FileName>
      <Value>0</Value>
    </Tile>
    <Tile>
      <Index>199</Index>
      <FileName>BasicTile.png</FileName>
      <Value>0</Value>
    </Tile>
    <Tile>
      <Index>200</Index>
      <FileName>BasicTile.png</FileName>
      <Value>0</Value>
    </Tile>
    <Tile>
      <Index>201</Index>
      <FileName>BasicTile.png</FileName>
      <Value>0</Value>
    </Tile>
    <Tile>
      <Index>202</Index>
      <FileName>BasicTile.png</FileName>
      <Value>0</Value>
    </Tile>
    <Tile>
      <Index>203</Index>
      <FileName>BasicTile.png</FileName>
      <Value>0</Value>
    </Tile>
    <Tile>
      <Index>204</Index>
      <FileName>BasicTile.png</FileName>
      <Value>0</Value>
    </Tile>
    <Tile>
      <Index>205</Index>
      <FileName>BasicTile.png</FileName>
      <Value>0</Value>
    </Tile>
    <Tile>
      <Index>206</Index>
      <FileName>BasicTile.png</FileName>
      <Value>0</Value>
    </Tile>
    <Tile>
      <Index>207</Index>
      <FileName>BasicTile.png</FileName>
      <Value>0</Value>
    </Tile>
    <Tile>
      <Index>208</Index>
      <FileName>BasicTile.png</FileName>
      <Value>0</Value>
    </Tile>
    <Tile>
      <Index>209</Index>
      <FileName>BasicTile.png</FileName>
      <Value>0</Value>
    </Tile>
    <Tile>
      <Index>210</Index>
      <FileName>BasicTile.png</FileName>
      <Value>0</Value>
    </Tile>
    <Tile>
      <Index>211</Index>
      <FileName>BasicTile.png</FileName>
      <Value>0</Value>
    </Tile>
    <Tile>
      <Index>212</Index>
      <FileName>BasicTile.png</FileName>
      <Value>0</Value>
    </Tile>
    <Tile>
      <Index>213</Index>
      <FileName>BasicTile.png</FileName>
      <Value>0</Value>
    </Tile>
    <Tile>
      <Index>214</Index>
      <FileName>BasicTile.png</FileName>
      <Value>0</Value>
    </Tile>
    <Tile>
      <Index>215</Index>
      <FileName>BasicTile.png</FileName>
      <Value>0</Value>
    </Tile>
    <Tile>
      <Index>216</Index>
      <FileName>BasicTile.png</FileName>
      <Value>0</Value>
    </Tile>
    <Tile>
      <Index>217</Index>
      <FileName>BasicTile.png</FileName>
      <Value>0</Value>
    </Tile>
    <Tile>
      <Index>218</Index>
      <FileName>BasicTile.png</FileName>
      <Value>0</Value>
    </Tile>
    <Tile>
      <Index>219</Index>
      <FileName>BasicTile.png</FileName>
      <Value>0</Value>
    </Tile>
    <Tile>
      <Index>220</Index>
      <FileName>BasicTile.png</FileName>
      <Value>0</Value>
    </Tile>
    <Tile>
      <Index>221</Index>
      <FileName>BasicTile.png</FileName>
      <Value>0</Value>
    </Tile>
    <Tile>
      <Index>222</Index>
      <FileName>BasicTile.png</FileName>
      <Value>0</Value>
    </Tile>
    <Tile>
      <Index>223</Index>
      <FileName>BasicTile.png</FileName>
      <Value>0</Value>
    </Tile>
    <Tile>
      <Index>224</Index>
      <FileName>BasicTile.png</FileName>
      <Value>0</Value>
    </Tile>
    <Tile>
      <Index>225</Index>
      <FileName>BasicTile.png</FileName>
      <Value>0</Value>
    </Tile>
    <Tile>
      <Index>226</Index>
      <FileName>BasicTile.png</FileName>
      <Value>0</Value>
    </Tile>
    <Tile>
      <Index>227</Index>
      <FileName>BasicTile.png</FileName>
      <Value>0</Value>
    </Tile>
    <Tile>
      <Index>228</Index>
      <FileName>BasicTile.png</FileName>
      <Value>0</Value>
    </Tile>
    <Tile>
      <Index>229</Index>
      <FileName>BasicTile.png</FileName>
      <Value>0</Value>
    </Tile>
    <Tile>
      <Index>230</Index>
      <FileName>BasicTile.png</FileName>
      <Value>0</Value>
    </Tile>
    <Tile>
      <Index>231</Index>
      <FileName>BasicTile.png</FileName>
      <Value>0</Value>
    </Tile>
    <Tile>
      <Index>232</Index>
      <FileName>BasicTile.png</FileName>
      <Value>0</Value>
    </Tile>
    <Tile>
      <Index>233</Index>
      <FileName>BasicTile.png</FileName>
      <Value>0</Value>
    </Tile>
    <Tile>
      <Index>234</Index>
      <FileName>BasicTile.png</FileName>
      <Value>0</Value>
    </Tile>
    <Tile>
      <Index>235</Index>
      <FileName>BasicTile.png</FileName>
      <Value>0</Value>
    </Tile>
    <Tile>
      <Index>236</Index>
      <FileName>BasicTile.png</FileName>
      <Value>0</Value>
    </Tile>
    <Tile>
      <Index>237</Index>
      <FileName>BasicTile.png</FileName>
      <Value>0</Value>
    </Tile>
    <Tile>
      <Index>238</Index>
      <FileName>BasicTile.png</FileName>
      <Value>0</Value>
    </Tile>
    <Tile>
      <Index>239</Index>
      <FileName>BasicTile.png</FileName>
      <Value>0</Value>
    </Tile>
    <Tile>
      <Index>240</Index>
      <FileName>BasicTile.png</FileName>
      <Value>0</Value>
    </Tile>
    <Tile>
      <Index>241</Index>
      <FileName>BasicTile.png</FileName>
      <Value>0</Value>
    </Tile>
    <Tile>
      <Index>242</Index>
      <FileName>BasicTile.png</FileName>
      <Value>0</Value>
    </Tile>
    <Tile>
      <Index>243</Index>
      <FileName>BasicTile.png</FileName>
      <Value>0</Value>
    </Tile>
    <Tile>
      <Index>244</Index>
      <FileName>BasicTile.png</FileName>
      <Value>0</Value>
    </Tile>
    <Tile>
      <Index>245</Index>
      <FileName>BasicTile.png</FileName>
      <Value>0</Value>
    </Tile>
    <Tile>
      <Index>246</Index>
      <FileName>BasicTile.png</FileName>
      <Value>0</Value>
    </Tile>
    <Tile>
      <Index>247</Index>
      <FileName>BasicTile.png</FileName>
      <Value>0</Value>
    </Tile>
    <Tile>
      <Index>248</Index>
      <FileName>BasicTile.png</FileName>
      <Value>0</Value>
    </Tile>
    <Tile>
      <Index>249</Index>
      <FileName>BasicTile.png</FileName>
      <Value>0</Value>
    </Tile>
    <Tile>
      <Index>250</Index>
      <FileName>BasicTile.png</FileName>
      <Value>0</Value>
    </Tile>
    <Tile>
      <Index>251</Index>
      <FileName>BasicTile.png</FileName>
      <Value>0</Value>
    </Tile>
    <Tile>
      <Index>252</Index>
      <FileName>BasicTile.png</FileName>
      <Value>0</Value>
    </Tile>
    <Tile>
      <Index>253</Index>
      <FileName>BasicTile.png</FileName>
      <Value>0</Value>
    </Tile>
    <Tile>
      <Index>254</Index>
      <FileName>BasicTile.png</FileName>
      <Value>0</Value>
    </Tile>
    <Tile>
      <Index>255</Index>
      <FileName>BasicTile.png</FileName>
      <Value>0</Value>
    </Tile>
    <Tile>
      <Index>256</Index>
      <FileName>BasicTile.png</FileName>
      <Value>0</Value>
    </Tile>
    <Tile>
      <Index>257</Index>
      <FileName>BasicTile.png</FileName>
      <Value>0</Value>
    </Tile>
    <Tile>
      <Index>258</Index>
      <FileName>BasicTile.png</FileName>
      <Value>0</Value>
    </Tile>
    <Tile>
      <Index>259</Index>
      <FileName>BasicTile.png</FileName>
      <Value>0</Value>
    </Tile>
    <Tile>
      <Index>260</Index>
      <FileName>BasicTile.png</FileName>
      <Value>0</Value>
    </Tile>
    <Tile>
      <Index>261</Index>
      <FileName>BasicTile.png</FileName>
      <Value>0</Value>
    </Tile>
    <Tile>
      <Index>262</Index>
      <FileName>BasicTile.png</FileName>
      <Value>0</Value>
    </Tile>
    <Tile>
      <Index>263</Index>
      <FileName>BasicTile.png</FileName>
      <Value>0</Value>
    </Tile>
    <Tile>
      <Index>264</Index>
      <FileName>BasicTile.png</FileName>
      <Value>0</Value>
    </Tile>
    <Tile>
      <Index>265</Index>
      <FileName>BasicTile.png</FileName>
      <Value>0</Value>
    </Tile>
    <Tile>
      <Index>266</Index>
      <FileName>BasicTile.png</FileName>
      <Value>0</Value>
    </Tile>
    <Tile>
      <Index>267</Index>
      <FileName>BasicTile.png</FileName>
      <Value>0</Value>
    </Tile>
    <Tile>
      <Index>268</Index>
      <FileName>BasicTile.png</FileName>
      <Value>0</Value>
    </Tile>
    <Tile>
      <Index>269</Index>
      <FileName>BasicTile.png</FileName>
      <Value>0</Value>
    </Tile>
    <Tile>
      <Index>270</Index>
      <FileName>BasicTile.png</FileName>
      <Value>0</Value>
    </Tile>
    <Tile>
      <Index>271</Index>
      <FileName>BasicTile.png</FileName>
      <Value>0</Value>
    </Tile>
    <Tile>
      <Index>272</Index>
      <FileName>BasicTile.png</FileName>
      <Value>0</Value>
    </Tile>
    <Tile>
      <Index>273</Index>
      <FileName>BasicTile.png</FileName>
      <Value>0</Value>
    </Tile>
    <Tile>
      <Index>274</Index>
      <FileName>BasicTile.png</FileName>
      <Value>0</Value>
    </Tile>
    <Tile>
      <Index>275</Index>
      <FileName>BasicTile.png</FileName>
      <Value>0</Value>
    </Tile>
    <Tile>
      <Index>276</Index>
      <FileName>BasicTile.png</FileName>
      <Value>0</Value>
    </Tile>
    <Tile>
      <Index>277</Index>
      <FileName>BasicTile.png</FileName>
      <Value>0</Value>
    </Tile>
    <Tile>
      <Index>278</Index>
      <FileName>BasicTile.png</FileName>
      <Value>0</Value>
    </Tile>
    <Tile>
      <Index>279</Index>
      <FileName>BasicTile.png</FileName>
      <Value>0</Value>
    </Tile>
    <Tile>
      <Index>280</Index>
      <FileName>BasicTile.png</FileName>
      <Value>0</Value>
    </Tile>
    <Tile>
      <Index>281</Index>
      <FileName>BasicTile.png</FileName>
      <Value>0</Value>
    </Tile>
    <Tile>
      <Index>282</Index>
      <FileName>BasicTile.png</FileName>
      <Value>0</Value>
    </Tile>
    <Tile>
      <Index>283</Index>
      <FileName>BasicTile.png</FileName>
      <Value>0</Value>
    </Tile>
    <Tile>
      <Index>284</Index>
      <FileName>BasicTile.png</FileName>
      <Value>0</Value>
    </Tile>
    <Tile>
      <Index>285</Index>
      <FileName>BasicTile.png</FileName>
      <Value>0</Value>
    </Tile>
    <Tile>
      <Index>286</Index>
      <FileName>BasicTile.png</FileName>
      <Value>0</Value>
    </Tile>
    <Tile>
      <Index>287</Index>
      <FileName>BasicTile.png</FileName>
      <Value>0</Value>
    </Tile>
    <Tile>
      <Index>288</Index>
      <FileName>BasicTile.png</FileName>
      <Value>0</Value>
    </Tile>
    <Tile>
      <Index>289</Index>
      <FileName>BasicTile.png</FileName>
      <Value>0</Value>
    </Tile>
    <Tile>
      <Index>290</Index>
      <FileName>BasicTile.png</FileName>
      <Value>0</Value>
    </Tile>
    <Tile>
      <Index>291</Index>
      <FileName>BasicTile.png</FileName>
      <Value>0</Value>
    </Tile>
    <Tile>
      <Index>292</Index>
      <FileName>BasicTile.png</FileName>
      <Value>0</Value>
    </Tile>
    <Tile>
      <Index>293</Index>
      <FileName>BasicTile.png</FileName>
      <Value>0</Value>
    </Tile>
    <Tile>
      <Index>294</Index>
      <FileName>BasicTile.png</FileName>
      <Value>0</Value>
    </Tile>
    <Tile>
      <Index>295</Index>
      <FileName>BasicTile.png</FileName>
      <Value>0</Value>
    </Tile>
    <Tile>
      <Index>296</Index>
      <FileName>BasicTile.png</FileName>
      <Value>0</Value>
    </Tile>
    <Tile>
      <Index>297</Index>
      <FileName>BasicTile.png</FileName>
      <Value>0</Value>
    </Tile>
    <Tile>
      <Index>298</Index>
      <FileName>BasicTile.png</FileName>
      <Value>0</Value>
    </Tile>
    <Tile>
      <Index>299</Index>
      <FileName>BasicTile.png</FileName>
      <Value>0</Value>
    </Tile>
    <Tile>
      <Index>300</Index>
      <FileName>BasicTile.png</FileName>
      <Value>0</Value>
    </Tile>
    <Tile>
      <Index>301</Index>
      <FileName>BasicTile.png</FileName>
      <Value>0</Value>
    </Tile>
    <Tile>
      <Index>302</Index>
      <FileName>BasicTile.png</FileName>
      <Value>0</Value>
    </Tile>
    <Tile>
      <Index>303</Index>
      <FileName>BasicTile.png</FileName>
      <Value>0</Value>
    </Tile>
    <Tile>
      <Index>304</Index>
      <FileName>BasicTile.png</FileName>
      <Value>0</Value>
    </Tile>
    <Tile>
      <Index>305</Index>
      <FileName>BasicTile.png</FileName>
      <Value>0</Value>
    </Tile>
    <Tile>
      <Index>306</Index>
      <FileName>BasicTile.png</FileName>
      <Value>0</Value>
    </Tile>
    <Tile>
      <Index>307</Index>
      <FileName>BasicTile.png</FileName>
      <Value>0</Value>
    </Tile>
    <Tile>
      <Index>308</Index>
      <FileName>BasicTile.png</FileName>
      <Value>0</Value>
    </Tile>
    <Tile>
      <Index>309</Index>
      <FileName>BasicTile.png</FileName>
      <Value>0</Value>
    </Tile>
    <Tile>
      <Index>310</Index>
      <FileName>BasicTile.png</FileName>
      <Value>0</Value>
    </Tile>
    <Tile>
      <Index>311</Index>
      <FileName>BasicTile.png</FileName>
      <Value>0</Value>
    </Tile>
    <Tile>
      <Index>312</Index>
      <FileName>BasicTile.png</FileName>
      <Value>0</Value>
    </Tile>
    <Tile>
      <Index>313</Index>
      <FileName>BasicTile.png</FileName>
      <Value>0</Value>
    </Tile>
    <Tile>
      <Index>314</Index>
      <FileName>BasicTile.png</FileName>
      <Value>0</Value>
    </Tile>
    <Tile>
      <Index>315</Index>
      <FileName>BasicTile.png</FileName>
      <Value>0</Value>
    </Tile>
    <Tile>
      <Index>316</Index>
      <FileName>BasicTile.png</FileName>
      <Value>0</Value>
    </Tile>
    <Tile>
      <Index>317</Index>
      <FileName>BasicTile.png</FileName>
      <Value>0</Value>
    </Tile>
    <Tile>
      <Index>318</Index>
      <FileName>BasicTile.png</FileName>
      <Value>0</Value>
    </Tile>
    <Tile>
      <Index>319</Index>
      <FileName>BasicTile.png</FileName>
      <Value>0</Value>
    </Tile>
    <Tile>
      <Index>320</Index>
      <FileName>BasicTile.png</FileName>
      <Value>0</Value>
    </Tile>
    <Tile>
      <Index>321</Index>
      <FileName>BasicTile.png</FileName>
      <Value>0</Value>
    </Tile>
    <Tile>
      <Index>322</Index>
      <FileName>BasicTile.png</FileName>
      <Value>0</Value>
    </Tile>
    <Tile>
      <Index>323</Index>
      <FileName>BasicTile.png</FileName>
      <Value>0</Value>
    </Tile>
    <Tile>
      <Index>324</Index>
      <FileName>BasicTile.png</FileName>
      <Value>0</Value>
    </Tile>
    <Tile>
      <Index>325</Index>
      <FileName>BasicTile.png</FileName>
      <Value>0</Value>
    </Tile>
    <Tile>
      <Index>326</Index>
      <FileName>BasicTile.png</FileName>
      <Value>0</Value>
    </Tile>
    <Tile>
      <Index>327</Index>
      <FileName>BasicTile.png</FileName>
      <Value>0</Value>
    </Tile>
    <Tile>
      <Index>328</Index>
      <FileName>BasicTile.png</FileName>
      <Value>0</Value>
    </Tile>
    <Tile>
      <Index>329</Index>
      <FileName>BasicTile.png</FileName>
      <Value>0</Value>
    </Tile>
    <Tile>
      <Index>330</Index>
      <FileName>BasicTile.png</FileName>
      <Value>0</Value>
    </Tile>
    <Tile>
      <Index>331</Index>
      <FileName>BasicTile.png</FileName>
      <Value>0</Value>
    </Tile>
    <Tile>
      <Index>332</Index>
      <FileName>BasicTile.png</FileName>
      <Value>0</Value>
    </Tile>
    <Tile>
      <Index>333</Index>
      <FileName>BasicTile.png</FileName>
      <Value>0</Value>
    </Tile>
    <Tile>
      <Index>334</Index>
      <FileName>BasicTile.png</FileName>
      <Value>0</Value>
    </Tile>
    <Tile>
      <Index>335</Index>
      <FileName>BasicTile.png</FileName>
      <Value>0</Value>
    </Tile>
    <Tile>
      <Index>336</Index>
      <FileName>BasicTile.png</FileName>
      <Value>0</Value>
    </Tile>
    <Tile>
      <Index>337</Index>
      <FileName>BasicTile.png</FileName>
      <Value>0</Value>
    </Tile>
    <Tile>
      <Index>338</Index>
      <FileName>BasicTile.png</FileName>
      <Value>0</Value>
    </Tile>
    <Tile>
      <Index>339</Index>
      <FileName>BasicTile.png</FileName>
      <Value>0</Value>
    </Tile>
    <Tile>
      <Index>340</Index>
      <FileName>BasicTile.png</FileName>
      <Value>0</Value>
    </Tile>
    <Tile>
      <Index>341</Index>
      <FileName>BasicTile.png</FileName>
      <Value>0</Value>
    </Tile>
    <Tile>
      <Index>342</Index>
      <FileName>BasicTile.png</FileName>
      <Value>0</Value>
    </Tile>
    <Tile>
      <Index>343</Index>
      <FileName>BasicTile.png</FileName>
      <Value>0</Value>
    </Tile>
    <Tile>
      <Index>344</Index>
      <FileName>BasicTile.png</FileName>
      <Value>0</Value>
    </Tile>
    <Tile>
      <Index>345</Index>
      <FileName>BasicTile.png</FileName>
      <Value>0</Value>
    </Tile>
    <Tile>
      <Index>346</Index>
      <FileName>BasicTile.png</FileName>
      <Value>0</Value>
    </Tile>
    <Tile>
      <Index>347</Index>
      <FileName>BasicTile.png</FileName>
      <Value>0</Value>
    </Tile>
    <Tile>
      <Index>348</Index>
      <FileName>BasicTile.png</FileName>
      <Value>0</Value>
    </Tile>
    <Tile>
      <Index>349</Index>
      <FileName>BasicTile.png</FileName>
      <Value>0</Value>
    </Tile>
    <Tile>
      <Index>350</Index>
      <FileName>BasicTile.png</FileName>
      <Value>0</Value>
    </Tile>
    <Tile>
      <Index>351</Index>
      <FileName>BasicTile.png</FileName>
      <Value>0</Value>
    </Tile>
    <Tile>
      <Index>352</Index>
      <FileName>BasicTile.png</FileName>
      <Value>0</Value>
    </Tile>
    <Tile>
      <Index>353</Index>
      <FileName>BasicTile.png</FileName>
      <Value>0</Value>
    </Tile>
    <Tile>
      <Index>354</Index>
      <FileName>BasicTile.png</FileName>
      <Value>0</Value>
    </Tile>
    <Tile>
      <Index>355</Index>
      <FileName>BasicTile.png</FileName>
      <Value>0</Value>
    </Tile>
    <Tile>
      <Index>356</Index>
      <FileName>BasicTile.png</FileName>
      <Value>0</Value>
    </Tile>
    <Tile>
      <Index>357</Index>
      <FileName>BasicBotLeft.png</FileName>
      <Value>0</Value>
    </Tile>
    <Tile>
      <Index>358</Index>
      <FileName>BasicTile.png</FileName>
      <Value>0</Value>
    </Tile>
    <Tile>
      <Index>359</Index>
      <FileName>BasicTile.png</FileName>
      <Value>0</Value>
    </Tile>
    <Tile>
      <Index>360</Index>
      <FileName>BasicTile.png</FileName>
      <Value>0</Value>
    </Tile>
    <Tile>
      <Index>361</Index>
      <FileName>BasicTile.png</FileName>
      <Value>0</Value>
    </Tile>
    <Tile>
      <Index>362</Index>
      <FileName>BasicTile.png</FileName>
      <Value>0</Value>
    </Tile>
    <Tile>
      <Index>363</Index>
      <FileName>BasicTile.png</FileName>
      <Value>0</Value>
    </Tile>
    <Tile>
      <Index>364</Index>
      <FileName>BasicTile.png</FileName>
      <Value>0</Value>
    </Tile>
    <Tile>
      <Index>365</Index>
      <FileName>BasicTile.png</FileName>
      <Value>0</Value>
    </Tile>
    <Tile>
      <Index>366</Index>
      <FileName>BasicTile.png</FileName>
      <Value>0</Value>
    </Tile>
    <Tile>
      <Index>367</Index>
      <FileName>BasicTile.png</FileName>
      <Value>0</Value>
    </Tile>
    <Tile>
      <Index>368</Index>
      <FileName>BasicTile.png</FileName>
      <Value>0</Value>
    </Tile>
    <Tile>
      <Index>369</Index>
      <FileName>BasicTile.png</FileName>
      <Value>0</Value>
    </Tile>
    <Tile>
      <Index>370</Index>
      <FileName>BasicTile.png</FileName>
      <Value>0</Value>
    </Tile>
    <Tile>
      <Index>371</Index>
      <FileName>BasicTile.png</FileName>
      <Value>0</Value>
    </Tile>
    <Tile>
      <Index>372</Index>
      <FileName>BasicTile.png</FileName>
      <Value>0</Value>
    </Tile>
    <Tile>
      <Index>373</Index>
      <FileName>BasicTile.png</FileName>
      <Value>0</Value>
    </Tile>
    <Tile>
      <Index>374</Index>
      <FileName>BasicTile.png</FileName>
      <Value>0</Value>
    </Tile>
    <Tile>
      <Index>375</Index>
      <FileName>BasicTile.png</FileName>
      <Value>0</Value>
    </Tile>
    <Tile>
      <Index>376</Index>
      <FileName>BasicTile.png</FileName>
      <Value>0</Value>
    </Tile>
    <Tile>
      <Index>377</Index>
      <FileName>BasicBotRight.png</FileName>
      <Value>0</Value>
    </Tile>
  </Layer>
  <Layer>
    <Tile>
      <Index>0</Index>
      <FileName>TopLeft.png</FileName>
      <Value>1</Value>
    </Tile>
    <Tile>
      <Index>1</Index>
      <FileName>TopWall.png</FileName>
      <Value>1</Value>
    </Tile>
    <Tile>
      <Index>2</Index>
      <FileName>TopWall.png</FileName>
      <Value>1</Value>
    </Tile>
    <Tile>
      <Index>3</Index>
      <FileName>TopRight.png</FileName>
      <Value>1</Value>
    </Tile>
    <Tile>
      <Index>4</Index>
      <FileName>ExitTile.png</FileName>
      <Value>0</Value>
    </Tile>
    <Tile>
      <Index>5</Index>
      <FileName>TopLeft.png</FileName>
      <Value>1</Value>
    </Tile>
    <Tile>
      <Index>6</Index>
      <FileName>TopWall.png</FileName>
      <Value>1</Value>
    </Tile>
    <Tile>
      <Index>7</Index>
      <FileName>TopWall.png</FileName>
      <Value>1</Value>
    </Tile>
    <Tile>
      <Index>8</Index>
      <FileName>TopWall.png</FileName>
      <Value>1</Value>
    </Tile>
    <Tile>
      <Index>9</Index>
      <FileName>TopWall.png</FileName>
      <Value>1</Value>
    </Tile>
    <Tile>
      <Index>10</Index>
      <FileName>TopWall.png</FileName>
      <Value>1</Value>
    </Tile>
    <Tile>
      <Index>11</Index>
      <FileName>TopWall.png</FileName>
      <Value>1</Value>
    </Tile>
    <Tile>
      <Index>12</Index>
      <FileName>TopWall.png</FileName>
      <Value>1</Value>
    </Tile>
    <Tile>
      <Index>13</Index>
      <FileName>TopWall.png</FileName>
      <Value>1</Value>
    </Tile>
    <Tile>
      <Index>14</Index>
      <FileName>TopRight.png</FileName>
      <Value>1</Value>
    </Tile>
    <Tile>
      <Index>15</Index>
      <FileName>TopWall.png</FileName>
      <Value>1</Value>
    </Tile>
    <Tile>
      <Index>16</Index>
      <FileName>TopWall.png</FileName>
      <Value>1</Value>
    </Tile>
    <Tile>
      <Index>17</Index>
      <FileName>TopRight.png</FileName>
      <Value>1</Value>
    </Tile>
    <Tile>
      <Index>18</Index>
      <FileName>TopWall.png</FileName>
      <Value>1</Value>
    </Tile>
    <Tile>
      <Index>19</Index>
      <FileName>TopWall.png</FileName>
      <Value>1</Value>
    </Tile>
    <Tile>
      <Index>20</Index>
      <FileName>TopRight.png</FileName>
      <Value>1</Value>
    </Tile>
    <Tile>
      <Index>21</Index>
      <FileName>LeftWall.png</FileName>
      <Value>1</Value>
    </Tile>
    <Tile>
      <Index>24</Index>
      <FileName>RightWall.png</FileName>
      <Value>1</Value>
    </Tile>
    <Tile>
      <Index>25</Index>
      <FileName>ExitTile.png</FileName>
      <Value>0</Value>
    </Tile>
    <Tile>
      <Index>26</Index>
      <FileName>LeftWall.png</FileName>
      <Value>1</Value>
    </Tile>
    <Tile>
      <Index>38</Index>
      <FileName>RightWall.png</FileName>
      <Value>1</Value>
    </Tile>
    <Tile>
      <Index>41</Index>
      <FileName>RightWall.png</FileName>
      <Value>1</Value>
    </Tile>
    <Tile>
      <Index>42</Index>
      <FileName>LeftWall.png</FileName>
      <Value>1</Value>
    </Tile>
    <Tile>
      <Index>56</Index>
      <FileName>RightWall.png</FileName>
      <Value>1</Value>
    </Tile>
    <Tile>
      <Index>57</Index>
      <FileName>BottomWall.png</FileName>
      <Value>1</Value>
    </Tile>
    <Tile>
      <Index>58</Index>
      <FileName>BottomWall.png</FileName>
      <Value>1</Value>
    </Tile>
    <Tile>
      <Index>59</Index>
      <FileName>BottomRight.png</FileName>
      <Value>1</Value>
    </Tile>
    <Tile>
      <Index>62</Index>
      <FileName>RightWall.png</FileName>
      <Value>1</Value>
    </Tile>
    <Tile>
      <Index>63</Index>
      <FileName>LeftWall.png</FileName>
      <Value>1</Value>
    </Tile>
    <Tile>
      <Index>80</Index>
      <FileName>RightWall.png</FileName>
      <Value>1</Value>
    </Tile>
    <Tile>
      <Index>83</Index>
      <FileName>RightWall.png</FileName>
      <Value>1</Value>
    </Tile>
    <Tile>
      <Index>84</Index>
      <FileName>LeftWall.png</FileName>
      <Value>1</Value>
    </Tile>
    <Tile>
      <Index>101</Index>
      <FileName>RightWall.png</FileName>
      <Value>1</Value>
    </Tile>
    <Tile>
      <Index>104</Index>
      <FileName>RightWall.png</FileName>
      <Value>1</Value>
    </Tile>
    <Tile>
      <Index>105</Index>
      <FileName>LeftWall.png</FileName>
      <Value>1</Value>
    </Tile>
    <Tile>
      <Index>125</Index>
      <FileName>RightWall.png</FileName>
      <Value>1</Value>
    </Tile>
    <Tile>
      <Index>126</Index>
      <FileName>LeftWall.png</FileName>
      <Value>1</Value>
    </Tile>
    <Tile>
      <Index>143</Index>
      <FileName>RightWall.png</FileName>
      <Value>1</Value>
    </Tile>
    <Tile>
      <Index>146</Index>
      <FileName>RightWall.png</FileName>
      <Value>1</Value>
    </Tile>
    <Tile>
      <Index>147</Index>
      <FileName>LeftWall.png</FileName>
      <Value>1</Value>
    </Tile>
    <Tile>
      <Index>164</Index>
      <FileName>RightWall.png</FileName>
      <Value>1</Value>
    </Tile>
    <Tile>
      <Index>167</Index>
      <FileName>RightWall.png</FileName>
      <Value>1</Value>
    </Tile>
    <Tile>
      <Index>168</Index>
      <FileName>LeftWall.png</FileName>
      <Value>1</Value>
    </Tile>
    <Tile>
      <Index>185</Index>
      <FileName>RightWall.png</FileName>
      <Value>1</Value>
    </Tile>
    <Tile>
      <Index>188</Index>
      <FileName>RightWall.png</FileName>
      <Value>1</Value>
    </Tile>
    <Tile>
      <Index>189</Index>
      <FileName>LeftWall.png</FileName>
      <Value>1</Value>
    </Tile>
    <Tile>
      <Index>206</Index>
      <FileName>RightWall.png</FileName>
      <Value>1</Value>
    </Tile>
    <Tile>
      <Index>209</Index>
      <FileName>RightWall.png</FileName>
      <Value>1</Value>
    </Tile>
    <Tile>
      <Index>210</Index>
      <FileName>LeftWall.png</FileName>
      <Value>1</Value>
    </Tile>
    <Tile>
      <Index>227</Index>
      <FileName>RightWall.png</FileName>
      <Value>1</Value>
    </Tile>
    <Tile>
      <Index>230</Index>
      <FileName>RightWall.png</FileName>
      <Value>1</Value>
    </Tile>
    <Tile>
      <Index>231</Index>
      <FileName>LeftWall.png</FileName>
      <Value>1</Value>
    </Tile>
    <Tile>
      <Index>248</Index>
      <FileName>RightWall.png</FileName>
      <Value>1</Value>
    </Tile>
    <Tile>
      <Index>251</Index>
      <FileName>RightWall.png</FileName>
      <Value>1</Value>
    </Tile>
    <Tile>
      <Index>252</Index>
      <FileName>LeftWall.png</FileName>
      <Value>1</Value>
    </Tile>
    <Tile>
      <Index>269</Index>
      <FileName>RightWall.png</FileName>
      <Value>1</Value>
    </Tile>
    <Tile>
      <Index>272</Index>
      <FileName>RightWall.png</FileName>
      <Value>1</Value>
    </Tile>
    <Tile>
      <Index>273</Index>
      <FileName>LeftWall.png</FileName>
      <Value>1</Value>
    </Tile>
    <Tile>
      <Index>290</Index>
      <FileName>RightWall.png</FileName>
      <Value>1</Value>
    </Tile>
    <Tile>
      <Index>293</Index>
      <FileName>RightWall.png</FileName>
      <Value>1</Value>
    </Tile>
    <Tile>
      <Index>294</Index>
      <FileName>LeftWall.png</FileName>
      <Value>1</Value>
    </Tile>
    <Tile>
      <Index>314</Index>
      <FileName>RightWall.png</FileName>
      <Value>1</Value>
    </Tile>
    <Tile>
      <Index>315</Index>
      <FileName>LeftWall.png</FileName>
      <Value>1</Value>
    </Tile>
    <Tile>
      <Index>332</Index>
      <FileName>RightWall.png</FileName>
      <Value>1</Value>
    </Tile>
    <Tile>
      <Index>335</Index>
      <FileName>RightWall.png</FileName>
      <Value>1</Value>
    </Tile>
    <Tile>
      <Index>336</Index>
      <FileName>LeftWall.png</FileName>
      <Value>1</Value>
    </Tile>
    <Tile>
      <Index>353</Index>
      <FileName>RightWall.png</FileName>
      <Value>1</Value>
    </Tile>
    <Tile>
      <Index>356</Index>
      <FileName>RightWall.png</FileName>
      <Value>1</Value>
    </Tile>
    <Tile>
      <Index>357</Index>
      <FileName>BottomLeft.png</FileName>
      <Value>1</Value>
    </Tile>
    <Tile>
      <Index>358</Index>
      <FileName>BottomWall.png</FileName>
      <Value>1</Value>
    </Tile>
    <Tile>
      <Index>359</Index>
      <FileName>BottomWall.png</FileName>
      <Value>1</Value>
    </Tile>
    <Tile>
      <Index>360</Index>
      <FileName>BottomWall.png</FileName>
      <Value>1</Value>
    </Tile>
    <Tile>
      <Index>361</Index>
      <FileName>BottomWall.png</FileName>
      <Value>1</Value>
    </Tile>
    <Tile>
      <Index>362</Index>
      <FileName>BottomWall.png</FileName>
      <Value>1</Value>
    </Tile>
    <Tile>
      <Index>363</Index>
      <FileName>BottomWall.png</FileName>
      <Value>1</Value>
    </Tile>
    <Tile>
      <Index>364</Index>
      <FileName>BottomWall.png</FileName>
      <Value>1</Value>
    </Tile>
    <Tile>
      <Index>365</Index>
      <FileName>BottomWall.png</FileName>
      <Value>1</Value>
    </Tile>
    <Tile>
      <Index>366</Index>
      <FileName>BottomWall.png</FileName>
      <Value>1</Value>
    </Tile>
    <Tile>
      <Index>367</Index>
      <FileName>BottomWall.png</FileName>
      <Value>1</Value>
    </Tile>
    <Tile>
      <Index>368</Index>
      <FileName>BottomWall.png</FileName>
      <Value>1</Value>
    </Tile>
    <Tile>
      <Index>369</Index>
      <FileName>BottomWall.png</FileName>
      <Value>1</Value>
    </Tile>
    <Tile>
      <Index>370</Index>
      <FileName>BottomWall.png</FileName>
      <Value>1</Value>
    </Tile>
    <Tile>
      <Index>371</Index>
      <FileName>BottomWall.png</FileName>
      <Value>1</Value>
    </Tile>
    <Tile>
      <Index>372</Index>
      <FileName>BottomWall.png</FileName>
      <Value>1</Value>
    </Tile>
    <Tile>
      <Index>373</Index>
      <FileName>BottomWall.png</FileName>
      <Value>1</Value>
    </Tile>
    <Tile>
      <Index>374</Index>
      <FileName>BottomRight.png</FileName>
      <Value>1</Value>
    </Tile>
    <Tile>
      <Index>375</Index>
      <FileName>BottomWall.png</FileName>
      <Value>1</Value>
    </Tile>
    <Tile>
      <Index>376</Index>
      <FileName>BottomWall.png</FileName>
      <Value>1</Value>
    </Tile>
    <Tile>
      <Index>377</Index>
      <FileName>BottomRight.png</FileName>
      <Value>1</Value>
    </Tile>
  </Layer>
  <Layer />
  <Layer />
</Map>