<MapIdentifier>
	<LevelInformation>
		<Time>
			<Minutes>1.55</Minutes>
		</Time>
		<Colours>
			<Floor>
				<R>255</R>
				<G>255</G>
				<B>161</B>
			</Floor>
			<Walls>
				<R>178</R>
				<G>0</G>
				<B>255</B>
			</Walls>
		</Colours>
	</LevelInformation>
	<PlayerInformation>
		<PlayerStart>
			<X>6</X>
			<Y>6</Y>
		</PlayerStart>
	</PlayerInformation>
	<TreasureInformation>
		<Treasure>
			<X>12</X>
			<Y>17</Y>
		</Treasure>
		<Treasure>
			<X>11</X>
			<Y>17</Y>
		</Treasure>
		<Treasure>
			<X>10</X>
			<Y>17</Y>
		</Treasure>
		<Treasure>
			<X>9</X>
			<Y>17</Y>
		</Treasure>
		<Treasure>
			<X>8</X>
			<Y>17</Y>
		</Treasure>
		<Treasure>
			<X>7</X>
			<Y>17</Y>
		</Treasure>
		<Treasure>
			<X>6</X>
			<Y>17</Y>
		</Treasure>
		<Treasure>
			<X>6</X>
			<Y>16</Y>
		</Treasure>
		<Treasure>
			<X>6</X>
			<Y>15</Y>
		</Treasure>
		<Treasure>
			<X>7</X>
			<Y>15</Y>
		</Treasure>
		<Treasure>
			<X>8</X>
			<Y>15</Y>
		</Treasure>
		<Treasure>
			<X>9</X>
			<Y>15</Y>
		</Treasure>
		<Treasure>
			<X>10</X>
			<Y>15</Y>
		</Treasure>
		<Treasure>
			<X>11</X>
			<Y>15</Y>
		</Treasure>
		<Treasure>
			<X>12</X>
			<Y>15</Y>
		</Treasure>
		<Treasure>
			<X>12</X>
			<Y>16</Y>
		</Treasure>
		<Treasure>
			<X>11</X>
			<Y>16</Y>
		</Treasure>
		<Treasure>
			<X>10</X>
			<Y>16</Y>
		</Treasure>
		<Treasure>
			<X>9</X>
			<Y>16</Y>
		</Treasure>
		<Treasure>
			<X>8</X>
			<Y>16</Y>
		</Treasure>
		<Treasure>
			<X>7</X>
			<Y>16</Y>
		</Treasure>
		<Treasure>
			<X>0</X>
			<Y>12</Y>
		</Treasure>
		<Treasure>
			<X>1</X>
			<Y>13</Y>
		</Treasure>
		<Treasure>
			<X>0</X>
			<Y>14</Y>
		</Treasure>
		<Treasure>
			<X>1</X>
			<Y>14</Y>
		</Treasure>
		<Treasure>
			<X>0</X>
			<Y>17</Y>
		</Treasure>
		<Treasure>
			<X>1</X>
			<Y>16</Y>
		</Treasure>
	</TreasureInformation>
	<EntryInformation>
		<GuardEntry>
			<X>20</X>
			<Y>0</Y>
		</GuardEntry>
	</EntryInformation>
	<GuardInformation>
		<Guard>
			<State>Patrol</State>
			<Direction>CounterClockwise</Direction>
			<Position>
				<X>19</X>
				<Y>14</Y>
			</Position>
		</Guard>
		<Guard>
			<State>Patrol</State>
			<Direction>CounterClockwise</Direction>
			<Position>
				<X>1</X>
				<Y>2</Y>
			</Position>
		</Guard>
		<Guard>
			<State>Patrol</State>
			<Direction>CounterClockwise</Direction>
			<Position>
				<X>4</X>
				<Y>14</Y>
			</Position>
		</Guard>
		<Guard>
			<State>Standing</State>
			<Direction>None</Direction>
			<Position>
				<X>11</X>
				<Y>5</Y>
			</Position>
		</Guard>
		<Guard>
			<State>Standing</State>
			<Direction>None</Direction>
			<Position>
				<X>11</X>
				<Y>11</Y>
			</Position>
		</Guard>
		<Guard>
			<State>Standing</State>
			<Direction>None</Direction>
			<Position>
				<X>16</X>
				<Y>14</Y>
			</Position>
		</Guard>
	</GuardInformation>
	<WaypointInformation>
		<WayPoint>
			<X>1</X>
			<Y>2</Y>
		</WayPoint>
		<WayPoint>
			<X>11</X>
			<Y>1</Y>
		</WayPoint>
		<WayPoint>
			<X>19</X>
			<Y>4</Y>
		</WayPoint>
		<WayPoint>
			<X>14</X>
			<Y>8</Y>
		</WayPoint>
		<WayPoint>
			<X>19</X>
			<Y>14</Y>
		</WayPoint>
		<WayPoint>
			<X>4</X>
			<Y>14</Y>
		</WayPoint>
		<WayPoint>
			<X>1</X>
			<Y>11</Y>
		</WayPoint>
	</WaypointInformation>
	<DumpsterInformation>

	</DumpsterInformation>
</MapIdentifier>