<MapIdentifier>
	<LevelInformation>
		<Time>
			<Minutes>.9</Minutes>
		</Time>
		<Colours>
			<Floor>
				<R>32</R>
				<G>125</G>
				<B>26</B>
			</Floor>
			<Walls>
				<R>178</R>
				<G>232</G>
				<B>255</B>
			</Walls>
		</Colours>
	</LevelInformation>
	<PlayerInformation>
		<PlayerStart>
			<X>14</X>
			<Y>1</Y>
		</PlayerStart>
	</PlayerInformation>
	<TreasureInformation>
		<Treasure>
			<X>14</X>
			<Y>3</Y>
		</Treasure>
		<Treasure>
			<X>15</X>
			<Y>2</Y>
		</Treasure>
		<Treasure>
			<X>15</X>
			<Y>1</Y>
		</Treasure>
		<Treasure>
			<X>14</X>
			<Y>0</Y>
		</Treasure>
		<Treasure>
			<X>16</X>
			<Y>2</Y>
		</Treasure>
		<Treasure>
			<X>17</X>
			<Y>3</Y>
		</Treasure>
		<Treasure>
			<X>18</X>
			<Y>2</Y>
		</Treasure>
		<Treasure>
			<X>19</X>
			<Y>1</Y>
		</Treasure>
		<Treasure>
			<X>20</X>
			<Y>0</Y>
		</Treasure>
		<Treasure>
			<X>20</X>
			<Y>2</Y>
		</Treasure>
		<Treasure>
			<X>19</X>
			<Y>2</Y>
		</Treasure>
		<Treasure>
			<X>17</X>
			<Y>0</Y>
		</Treasure>
		<Treasure>
			<X>17</X>
			<Y>1</Y>
		</Treasure>
	</TreasureInformation>
	<EntryInformation>
		<GuardEntry>
			<X>0</X>
			<Y>15</Y>
		</GuardEntry>
	</EntryInformation>
	<GuardInformation>
		<Guard>
			<State>Patrol</State>
			<Direction>Clockwise</Direction>
			<Position>
				<X>3</X>
				<Y>3</Y>
			</Position>
		</Guard>
		<Guard>
			<State>Patrol</State>
			<Direction>Clockwise</Direction>
			<Position>
				<X>5</X>
				<Y>15</Y>
			</Position>
		</Guard>
		<Guard>
			<State>Patrol</State>
			<Direction>Clockwise</Direction>
			<Position>
				<X>19</X>
				<Y>15</Y>
			</Position>
		</Guard>
		<Guard>
			<State>Patrol</State>
			<Direction>Clockwise</Direction>
			<Position>
				<X>19</X>
				<Y>6</Y>
			</Position>
		</Guard>
		<Guard>
			<State>Standing</State>
			<Direction>None</Direction>
			<Position>
				<X>11</X>
				<Y>12</Y>
			</Position>
		</Guard>
		<Guard>
			<State>Standing</State>
			<Direction>None</Direction>
			<Position>
				<X>11</X>
				<Y>7</Y>
			</Position>
		</Guard>
	</GuardInformation>
	<WaypointInformation>
		<WayPoint>
		<X>3</X>
		<Y>3</Y>
		</WayPoint>
		<WayPoint>
			<X>19</X>
			<Y>6</Y>
		</WayPoint>
		<WayPoint>
			<X>19</X>
			<Y>2</Y>
		</WayPoint>
		<WayPoint>
			<X>19</X>
			<Y>15</Y>
		</WayPoint>
		<WayPoint>
			<X>5</X>
			<Y>15</Y>
		</WayPoint>
	</WaypointInformation>
	<DumpsterInformation>
		<Dumpster>
			<X>20</X>
			<Y>7</Y>
		</Dumpster>
	</DumpsterInformation>
</MapIdentifier>