<MapIdentifier>
	<LevelInformation>
		<Time>
			<Minutes>.7</Minutes>
		</Time>
		<Colours>
			<Floor>
				<R>81</R>
				<G>81</G>
				<B>81</B>
			</Floor>
			<Walls>
				<R>255</R>
				<G>255</G>
				<B>255</B>
			</Walls>
		</Colours>
	</LevelInformation>
	<PlayerInformation>
		<PlayerStart>
			<X>20</X>
			<Y>17</Y>
		</PlayerStart>
	</PlayerInformation>
	<TreasureInformation>
		<Treasure>
			<X>7</X>
			<Y>5</Y>
		</Treasure>
		<Treasure>
			<X>8</X>
			<Y>5</Y>
		</Treasure>
		<Treasure>
			<X>9</X>
			<Y>5</Y>
		</Treasure>
		<Treasure>
			<X>10</X>
			<Y>5</Y>
		</Treasure>
		<Treasure>
			<X>11</X>
			<Y>5</Y>
		</Treasure>
		<Treasure>
			<X>12</X>
			<Y>5</Y>
		</Treasure>
		<Treasure>
			<X>13</X>
			<Y>5</Y>
		</Treasure>
		<Treasure>
			<X>14</X>
			<Y>5</Y>
		</Treasure>
		<Treasure>
			<X>14</X>
			<Y>6</Y>
		</Treasure>
		<Treasure>
			<X>13</X>
			<Y>6</Y>
		</Treasure>
		<Treasure>
			<X>12</X>
			<Y>6</Y>
		</Treasure>
		<Treasure>
			<X>11</X>
			<Y>6</Y>
		</Treasure>
		<Treasure>
			<X>10</X>
			<Y>6</Y>
		</Treasure>
		<Treasure>
			<X>9</X>
			<Y>6</Y>
		</Treasure>
		<Treasure>
			<X>8</X>
			<Y>6</Y>
		</Treasure>
		<Treasure>
			<X>7</X>
			<Y>6</Y>
		</Treasure>
		<Treasure>
			<X>7</X>
			<Y>7</Y>
		</Treasure>
		<Treasure>
			<X>8</X>
			<Y>7</Y>
		</Treasure>
		<Treasure>
			<X>9</X>
			<Y>7</Y>
		</Treasure>
		<Treasure>
			<X>10</X>
			<Y>7</Y>
		</Treasure>
		<Treasure>
			<X>11</X>
			<Y>7</Y>
		</Treasure>
		<Treasure>
			<X>12</X>
			<Y>7</Y>
		</Treasure>
		<Treasure>
			<X>13</X>
			<Y>7</Y>
		</Treasure>
		<Treasure>
			<X>14</X>
			<Y>7</Y>
		</Treasure>
		<Treasure>
			<X>14</X>
			<Y>8</Y>
		</Treasure>
		<Treasure>
			<X>13</X>
			<Y>8</Y>
		</Treasure>
		<Treasure>
			<X>12</X>
			<Y>8</Y>
		</Treasure>
		<Treasure>
			<X>11</X>
			<Y>8</Y>
		</Treasure>
		<Treasure>
			<X>10</X>
			<Y>8</Y>
		</Treasure>
		<Treasure>
			<X>9</X>
			<Y>8</Y>
		</Treasure>
		<Treasure>
			<X>8</X>
			<Y>8</Y>
		</Treasure>
		<Treasure>
			<X>7</X>
			<Y>8</Y>
		</Treasure>
		<Treasure>
			<X>7</X>
			<Y>9</Y>
		</Treasure>
		<Treasure>
			<X>8</X>
			<Y>9</Y>
		</Treasure>
		<Treasure>
			<X>9</X>
			<Y>9</Y>
		</Treasure>
		<Treasure>
			<X>10</X>
			<Y>9</Y>
		</Treasure>
		<Treasure>
			<X>11</X>
			<Y>9</Y>
		</Treasure>
		<Treasure>
			<X>12</X>
			<Y>9</Y>
		</Treasure>
		<Treasure>
			<X>13</X>
			<Y>9</Y>
		</Treasure>
		<Treasure>
			<X>14</X>
			<Y>9</Y>
		</Treasure>
		<Treasure>
			<X>14</X>
			<Y>10</Y>
		</Treasure>
		<Treasure>
			<X>13</X>
			<Y>10</Y>
		</Treasure>
		<Treasure>
			<X>12</X>
			<Y>10</Y>
		</Treasure>
		<Treasure>
			<X>11</X>
			<Y>10</Y>
		</Treasure>
		<Treasure>
			<X>10</X>
			<Y>10</Y>
		</Treasure>
		<Treasure>
			<X>9</X>
			<Y>10</Y>
		</Treasure>
		<Treasure>
			<X>8</X>
			<Y>10</Y>
		</Treasure>
		<Treasure>
			<X>7</X>
			<Y>10</Y>
		</Treasure>
	</TreasureInformation>
	<EntryInformation>
		<GuardEntry>
			<X>20</X>
			<Y>10</Y>
		</GuardEntry>
	</EntryInformation>
	<GuardInformation>
		<Guard>
			<State>Patrol</State>
			<Direction>Clockwise</Direction>
			<Position>
				<X>1</X>
				<Y>1</Y>
			</Position>
		</Guard>
		<Guard>
			<State>Patrol</State>
			<Direction>Clockwise</Direction>
			<Position>
				<X>3</X>
				<Y>16</Y>
			</Position>
		</Guard>
		<Guard>
			<State>Patrol</State>
			<Direction>Clockwise</Direction>
			<Position>
				<X>11</X>
				<Y>3</Y>
			</Position>
		</Guard>
		<Guard>
			<State>Patrol</State>
			<Direction>Clockwise</Direction>
			<Position>
				<X>11</X>
				<Y>15</Y>
			</Position>
		</Guard>
	</GuardInformation>
	<WaypointInformation>
		<WayPoint>
			<X>1</X>
			<Y>1</Y>
		</WayPoint>
		<WayPoint>
			<X>11</X>
			<Y>3</Y>
		</WayPoint>
		<WayPoint>
			<X>19</X>
			<Y>1</Y>
		</WayPoint>
		<WayPoint>
			<X>19</X>
			<Y>8</Y>
		</WayPoint>
		<WayPoint>
			<X>16</X>
			<Y>3</Y>
		</WayPoint>
		<WayPoint>
			<X>16</X>
			<Y>11</Y>
		</WayPoint>
		<WayPoint>
			<X>18</X>
			<Y>16</Y>
		</WayPoint>
		<WayPoint>
			<X>11</X>
			<Y>15</Y>
		</WayPoint>
		<WayPoint>
			<X>11</X>
			<Y>11</Y>
		</WayPoint>
		<WayPoint>
			<X>5</X>
			<Y>11</Y>
		</WayPoint>
		<WayPoint>
			<X>3</X>
			<Y>16</Y>
		</WayPoint>
		<WayPoint>
			<X>2</X>
			<Y>7</Y>
		</WayPoint>
		<WayPoint>
			<X>6</X>
			<Y>4</Y>
		</WayPoint>
		<WayPoint>
			<X>1</X>
			<Y>4</Y>
		</WayPoint>
	</WaypointInformation>
	<DumpsterInformation>
		<Dumpster>
			<X>20</X>
			<Y>3</Y>
		</Dumpster>
	</DumpsterInformation>
</MapIdentifier>