<MapIdentifier>
	<LevelInformation>
		<Time>
			<Minutes>1</Minutes>
		</Time>
		<Colours>
			<Floor>
				<R>105</R>
				<G>105</G>
				<B>105</B>
			</Floor>
			<Walls>
				<R>255</R>
				<G>118</G>
				<B>0</B>
			</Walls>
		</Colours>
	</LevelInformation>
	<PlayerInformation>
		<PlayerStart>
			<X>1</X>
			<Y>17</Y>
		</PlayerStart>
	</PlayerInformation>
	<TreasureInformation>
		<Treasure>
			<X>15</X>
			<Y>15</Y>
		</Treasure>
		<Treasure>
			<X>16</X>
			<Y>15</Y>
		</Treasure>
		<Treasure>
			<X>17</X>
			<Y>15</Y>
		</Treasure>
		<Treasure>
			<X>18</X>
			<Y>15</Y>
		</Treasure>
		<Treasure>
			<X>20</X>
			<Y>15</Y>
		</Treasure>
		<Treasure>
			<X>20</X>
			<Y>16</Y>
		</Treasure>
		<Treasure>
			<X>19</X>
			<Y>16</Y>
		</Treasure>
		<Treasure>
			<X>18</X>
			<Y>16</Y>
		</Treasure>
		<Treasure>
			<X>17</X>
			<Y>16</Y>
		</Treasure>
		<Treasure>
			<X>16</X>
			<Y>16</Y>
		</Treasure>
		<Treasure>
			<X>15</X>
			<Y>16</Y>
		</Treasure>
		<Treasure>
			<X>15</X>
			<Y>17</Y>
		</Treasure>
		<Treasure>
			<X>16</X>
			<Y>17</Y>
		</Treasure>
		<Treasure>
			<X>17</X>
			<Y>17</Y>
		</Treasure>
		<Treasure>
			<X>18</X>
			<Y>17</Y>
		</Treasure>
		<Treasure>
			<X>19</X>
			<Y>17</Y>
		</Treasure>
		<Treasure>
			<X>20</X>
			<Y>17</Y>
		</Treasure>
	</TreasureInformation>
	<EntryInformation>
		<GuardEntry>
			<X>4</X>
			<Y>17</Y>
		</GuardEntry>
	</EntryInformation>
	<GuardInformation>
		<Guard>
			<State>Patrol</State>
			<Direction>Clockwise</Direction>
			<Position>
				<X>0</X>
				<Y>12</Y>
			</Position>
		</Guard>
		<Guard>
			<State>Patrol</State>
			<Direction>CounterClockwise</Direction>
			<Position>
				<X>16</X>
				<Y>13</Y>
			</Position>
		</Guard>
		<Guard>
			<State>Patrol</State>
			<Direction>CounterClockwise</Direction>
			<Position>
				<X>6</X>
				<Y>11</Y>
			</Position>
		</Guard>
		<Guard>
			<State>Patrol</State>
			<Direction>Clockwise</Direction>
			<Position>
				<X>12</X>
				<Y>13</Y>
			</Position>
		</Guard>
	</GuardInformation>
	<WaypointInformation>
		<WayPoint>
			<X>0</X>
			<Y>12</Y>
		</WayPoint>
		<WayPoint>
			<X>6</X>
			<Y>11</Y>
		</WayPoint>
		<WayPoint>
			<X>11</X>
			<Y>6</Y>
		</WayPoint>
		<WayPoint>
			<X>12</X>
			<Y>13</Y>
		</WayPoint>
		<WayPoint>
			<X>16</X>
			<Y>13</Y>
		</WayPoint>
	</WaypointInformation>
	<DumpsterInformation>
		<Dumpster>
			<X>5</X>
			<Y>17</Y>
		</Dumpster>
	</DumpsterInformation>
</MapIdentifier>