<MapIdentifier>
	<LevelInformation>
		<Time>
			<Minutes>1</Minutes><!--Best time is 51 seconds so at release put it at 1min -->
		</Time>
		<Colours>
			<Floor>
				<R>143</R>
				<G>130</G>
				<B>112</B>
			</Floor>
			<Walls>
				<R>22</R>
				<G>233</G>
				<B>170</B>
			</Walls>
		</Colours>
	</LevelInformation>
	<PlayerInformation>
		<PlayerStart>
			<X>0</X>
			<Y>12</Y>
		</PlayerStart>
	</PlayerInformation>
	<TreasureInformation>
		<Treasure>
			<X>2</X>
			<Y>3</Y>
		</Treasure>
		<Treasure>
			<X>3</X>
			<Y>4</Y>
		</Treasure>
		<Treasure>
			<X>4</X>
			<Y>5</Y>
		</Treasure>
		<Treasure>
			<X>6</X>
			<Y>5</Y>
		</Treasure>
		<Treasure>
			<X>5</X>
			<Y>4</Y>
		</Treasure>
		<Treasure>
			<X>4</X>
			<Y>3</Y>
		</Treasure>
		<Treasure>
			<X>3</X>
			<Y>2</Y>
		</Treasure>
		<Treasure>
			<X>5</X>
			<Y>2</Y>
		</Treasure>
		<Treasure>
			<X>6</X>
			<Y>3</Y>
		</Treasure>
		<Treasure>
			<X>7</X>
			<Y>4</Y>
		</Treasure>
		<Treasure>
			<X>8</X>
			<Y>5</Y>
		</Treasure>
		<Treasure>
			<X>7</X>
			<Y>2</Y>
		</Treasure>
		<Treasure>
			<X>8</X>
			<Y>3</Y>
		</Treasure>
		<Treasure>
			<X>9</X>
			<Y>4</Y>
		</Treasure>
		<Treasure>
			<X>9</X>
			<Y>2</Y>
		</Treasure>
		<Treasure>
			<X>15</X>
			<Y>8</Y>
		</Treasure>
		<Treasure>
			<X>15</X>
			<Y>10</Y>
		</Treasure>
		<Treasure>
			<X>20</X>
			<Y>10</Y>
		</Treasure>
		<Treasure>
			<X>20</X>
			<Y>8</Y>
		</Treasure>
		<Treasure>
			<X>18</X>
			<Y>9</Y>
		</Treasure>
		<Treasure>
			<X>17</X>
			<Y>9</Y>
		</Treasure>
		<Treasure>
			<X>16</X>
			<Y>9</Y>
		</Treasure>
		<Treasure>
			<X>19</X>
			<Y>9</Y>
		</Treasure>
	</TreasureInformation>
	<EntryInformation>
		<GuardEntry>
			<X>6</X>
			<Y>17</Y>
		</GuardEntry>
	</EntryInformation>
	<GuardInformation>
		<Guard>
			<State>Patrol</State>
			<Direction>CounterClockwise</Direction>
			<Position>
				<X>1</X>
				<Y>16</Y>
			</Position>
		</Guard>
		<Guard>
			<State>Patrol</State>
			<Direction>Clockwise</Direction>
			<Position>
				<X>19</X>
				<Y>16</Y>
			</Position>
		</Guard>
		<Guard>
			<State>Patrol</State>
			<Direction>Clockwise</Direction>
			<Position>
				<X>19</X>
				<Y>3</Y>
			</Position>
		</Guard>
		<Guard>
			<State>Patrol</State>
			<Direction>Clockwise</Direction>
			<Position>
				<X>5</X>
				<Y>1</Y>
			</Position>
		</Guard>
		<Guard>
			<State>Patrol</State>
			<Direction>CounterClockwise</Direction>
			<Position>
				<X>12</X>
				<Y>3</Y>
			</Position>
		</Guard>
	</GuardInformation>
	<WaypointInformation>
		<WayPoint>
			<X>19</X>
			<Y>16</Y>
		</WayPoint>
		<WayPoint>
			<X>9</X>
			<Y>16</Y>
		</WayPoint>
		<WayPoint>
			<X>1</X>
			<Y>16</Y>
		</WayPoint>
		<WayPoint>
			<X>9</X>
			<Y>11</Y>
		</WayPoint>
		<WayPoint>
			<X>7</X>
			<Y>6</Y>
		</WayPoint>
		<WayPoint>
			<X>0</X>
			<Y>3</Y>
		</WayPoint>
		<WayPoint>
			<X>5</X>
			<Y>1</Y>
		</WayPoint>
		<WayPoint>
			<X>12</X>
			<Y>3</Y>
		</WayPoint>
		<WayPoint>
			<X>19</X>
			<Y>3</Y>
		</WayPoint>
		<WayPoint>
			<X>17</X>
			<Y>7</Y>
		</WayPoint>
		<WayPoint>
			<X>8</X>
			<Y>9</Y>
		</WayPoint>
	</WaypointInformation>
	<DumpsterInformation>
		<Dumpster>
			<X>6</X>
			<Y>6</Y>
		</Dumpster>
		<Dumpster>
			<X>11</X>
			<Y>14</Y>
		</Dumpster>
	</DumpsterInformation>
</MapIdentifier>